id,nombre,nivel,dias_max_respuesta
ee4d6eed-b911-4481-bb0b-789b9f962f16,Urgente,1,1
621eac73-d78e-4708-aee9-8cf7c781e98d,Urgente,1,1
a79f5a24-b7c9-4be3-98f4-c5fa69ed03f4,Media,3,7
2c9de09b-3f1b-46cf-8e14-59aefb5727c7,Alta,2,3
1ea5b738-4e54-4c19-9a75-bae273866595,Alta,2,3
41cae859-e2fe-47ba-934d-828002ce993c,Alta,2,3
aa6086d1-a6ad-49ae-b491-ca4c1cae7fba,Urgente,1,1
3abbc7e8-03af-41bf-b40f-79c28068569d,Planificada,5,30
2fba179b-f69c-422c-972d-79d2dad6dbd9,Urgente,1,1
acc6c50c-1494-40c6-ba5e-94ed292b6944,Planificada,5,30
d2b83100-9f3d-49e5-961e-b7bdd42ffc14,Baja,4,15
1585a650-31c7-452c-8c89-4221fe129622,Urgente,1,1
f3169d66-86d4-48ee-a2ba-c8ec9f794bd5,Urgente,1,1
c4f7f032-8199-4717-9d81-4ebc516aefae,Urgente,1,1
a997c791-3e5d-42c5-94bc-5b97247d0977,Alta,2,3
5d931204-7a54-4b3a-86b6-500bc6829d5a,Alta,2,3
9da4267b-dcd3-475f-b5a2-6899140d8595,Planificada,5,30
10762993-c2b8-43d0-98d5-e8c24d166025,Planificada,5,30
0a07b46d-294f-4bc6-8587-7617792a8f08,Urgente,1,1
2ad7b5e9-484e-4d34-98fd-eea099e114ee,Planificada,5,30
15761e4d-5eda-4cb0-8221-456626c3dfa3,Alta,2,3
07b6a9e6-9cde-4453-b15e-d77e24dfb94e,Planificada,5,30
4782d6ac-c5a4-480e-ae9f-ad781481114b,Baja,4,15
ec2fde26-ab61-41c2-af59-56efe64fb60b,Alta,2,3
2651a059-ab8d-4672-b7e5-0c9d4b8dbbb3,Baja,4,15
a7da808e-1e21-42e8-99aa-6944f0f79e97,Planificada,5,30
66619616-46f6-49bd-9c71-072637fd622b,Media,3,7
825d0619-106e-4e50-909a-87e20021ac38,Urgente,1,1
211840bf-4a93-4dac-b780-36afa3b85ffd,Alta,2,3
caf20aef-8d51-4b4e-8957-fbe7c7662b06,Baja,4,15
bf2fe674-bac7-43a6-b10b-3521b9f257ed,Media,3,7
beceec94-b680-4ffa-97e7-423c73e8b5dc,Media,3,7
6f28a7d1-19e1-455a-8e15-aafe209607e6,Alta,2,3
fe580fd0-669a-45c0-bd6c-bd440011aa56,Alta,2,3
64bb7ed1-568c-43f7-b192-d420980abdc7,Media,3,7
caaee750-8f35-4270-9f6b-56755673df42,Urgente,1,1
185b7ed0-15e1-401e-97ed-51cc4386784d,Urgente,1,1
2d32b0e3-d626-4309-99c8-ae7b2fb27108,Baja,4,15
75098a79-465b-4d43-8029-31de812a79c8,Urgente,1,1
4eccd6b5-222b-4648-bb91-c99ca2eef94f,Media,3,7
2336bd80-4db5-45c7-ac85-b8c5cf7f40f3,Media,3,7
ed5faed5-e92c-47b8-b0b9-c98f2d311902,Planificada,5,30
028f5952-8434-4ab0-8177-3bfea5588f3f,Media,3,7
a000f6d9-dfbb-4012-a34b-dd2677bcb594,Urgente,1,1
d35ea610-9d77-47b4-b68e-a7e671e75183,Baja,4,15
23c5c070-cff3-4f10-a754-567228b74c6b,Planificada,5,30
507e48d6-3f05-4f8b-af4a-46e3a193ddeb,Urgente,1,1
d5be3d80-c977-4d9e-8298-de4cd9bee7fc,Baja,4,15
58c48266-178c-4408-a13e-c71739b2809a,Urgente,1,1
ecd3ccd7-d8d2-4ef4-a8af-066dfbe0c9e6,Planificada,5,30
de017b20-9ebd-4ffc-8f5a-951cc1c8059d,Media,3,7
268f942a-9108-4de2-80ea-be21e700b1ea,Planificada,5,30
7b35ad65-60b3-4355-8143-e321ab65b4af,Media,3,7
fcb91b67-70f6-4950-83d5-7d6d2e6d851b,Planificada,5,30
7111eda3-4d30-4868-a2d2-0031b1bedf6e,Alta,2,3
4b80d508-b4b3-49ad-a772-0376e2ca773d,Urgente,1,1
8687e6e8-4597-4940-bf96-3d2b2428b401,Urgente,1,1
850a1b3f-6eaf-4bb1-89d7-7c5bda7ac4b8,Alta,2,3
ffa8ae7d-4cb9-444f-a709-6d6562f47608,Media,3,7
a8354a4d-f584-4704-ad69-87a9de36b02d,Urgente,1,1
7011cd73-7e8e-4399-9afb-3752dd28acd4,Alta,2,3
d8311718-1092-4f47-999f-59afd78b7287,Urgente,1,1
06fc1513-e4ae-43d5-b11c-283682ac1a5a,Baja,4,15
3e49171a-d481-475b-8fa4-2cbe11d4b86c,Media,3,7
b30061d9-626e-4c02-b9b1-b9d2a0ba7f40,Baja,4,15
1af926d6-63d4-4803-b874-572133cc06e2,Media,3,7
23bfaf50-19d1-4fa8-a41a-acfbc81c8c3f,Alta,2,3
09ac5344-8dee-4dfb-8c33-3c0482f8892d,Media,3,7
7576bc8a-182d-4650-981d-2bba87af1087,Media,3,7
8132aadc-393a-4ba3-9d66-d43bc4b6bb66,Alta,2,3
038b0a56-0abb-46fa-be37-8b333bbda659,Media,3,7
5bd1937c-ff0e-4dfd-9f16-0883b29edc87,Urgente,1,1
fac187e1-acd1-446d-824c-3899e6125786,Planificada,5,30
d9d0aa5e-b4b3-4d12-84d3-9bd95aa5d529,Alta,2,3
3ee0ae16-c1a0-4362-8553-2a3492c3882b,Planificada,5,30
4b49f7cc-89b6-4934-ab35-9bd52d9359e4,Alta,2,3
3fb1e65e-224b-43a7-891b-c3f29811b2c8,Alta,2,3
bf1d7b60-b17a-4888-a264-722842055143,Baja,4,15
edbac9ba-54b5-47b6-9f5c-a09aa45f5e3f,Baja,4,15
71ed1d7d-db69-4e99-806d-cfe0216268c0,Media,3,7
82c1bde6-8a61-4a0a-994b-27b0477aebce,Planificada,5,30
ca0d44f3-7439-4e0f-a5cd-102820da1f68,Alta,2,3
307e1228-8450-499c-ab59-653d31297bec,Media,3,7
05e6a014-7b2b-4daf-8284-fc632927b6e3,Urgente,1,1
ac811047-e963-45c1-bc2e-d0df0e65b314,Alta,2,3
5c6b17d0-a4ec-4b9e-9c26-51cd1149bae4,Urgente,1,1
59b161bb-3fef-4fac-b2f1-fffd3fc266b9,Media,3,7
f78d29de-b656-4c6f-80c3-38adf65a2d3a,Baja,4,15
b0ba3398-b8bd-4240-9a8c-684b650893a0,Media,3,7
9777db4f-395b-4562-b6d0-13930e1770e8,Urgente,1,1
c6f722a5-adc8-49db-ac3e-eb247f82a1dc,Alta,2,3
500dbdeb-3bc8-4a63-a47f-a44c4e2e0b8c,Planificada,5,30
6d264dd2-233f-4cef-8d47-924a6eb4a52f,Media,3,7
3a540cc1-c8b5-4b18-a42d-78cd4dc774c7,Alta,2,3
d198eade-2678-4d35-910e-4d031d7425c6,Baja,4,15
c613cd22-4ed4-441c-b26d-d769c5237ffd,Baja,4,15
2c07b184-f41c-4a9f-838d-673a0ed895b4,Baja,4,15
e4369129-3ede-41b2-9b06-6da845ede8f3,Alta,2,3
fb3d7283-1ebc-492c-8f62-c20f331c4e6a,Media,3,7
c9262291-69d4-4856-94ee-350552034850,Alta,2,3
dbef1c3a-5c0e-41c5-826b-5cea790f1edd,Alta,2,3
9169a104-ace3-4f87-8810-d52c63392830,Planificada,5,30
2ca77c28-c8ac-4089-a83d-cf3eac29eaf8,Planificada,5,30
5827a069-e946-493d-8a5f-e10d1fef43c1,Media,3,7
d257a9f0-1f48-4291-98a0-6caca0d9d144,Planificada,5,30
a4836d15-ae72-4aeb-8e27-d36d13cb427a,Baja,4,15
4a7695dd-178f-4742-b75f-de7953e1de72,Planificada,5,30
c32bf4e0-1c1d-4b95-8714-964d7beb4a71,Baja,4,15
58d1215f-d9d4-441f-bba9-c7897af69401,Media,3,7
864d659a-bf0e-4114-96cc-027f1e493555,Alta,2,3
b3290008-70e5-4b40-b7ad-b4ca12d4474e,Alta,2,3
2eaee807-e4f5-4d38-8096-78cc4e976664,Planificada,5,30
e3fd8390-9196-440f-9987-b08f8188e1de,Baja,4,15
4e56e7eb-27b5-46b2-a3d4-2239375f3858,Urgente,1,1
8ba14588-ebd6-4c9b-b8ff-0bc5f017beb8,Urgente,1,1
390a1592-6279-42cf-ad1d-d88254837303,Urgente,1,1
24c5356e-09f3-4129-bfb5-d0bebcf6ec42,Alta,2,3
e36da0f0-6c6e-4b4f-beac-98280e27e13d,Alta,2,3
160ffd3e-cd78-4544-92c3-c06d95f94da3,Baja,4,15
3418219f-b569-4c61-937c-d8a4afaa6816,Planificada,5,30
03799831-2796-480b-8e04-26fdc171fb63,Urgente,1,1
ce47f4d3-b2b3-480e-8b68-acae6a1f3a8a,Baja,4,15
c02a4917-3cff-4aa4-b6d8-2e4c0e627374,Baja,4,15
186ed0cb-3fe8-4d20-b5b8-9d4d4de10692,Planificada,5,30
ac2b58d5-a24e-49f7-9b33-d2dcb53d6e67,Baja,4,15
36371c43-8743-4c5a-a88b-23c3e430fea9,Planificada,5,30
60d0ba8e-e062-40a1-af17-d539c8b8caa6,Media,3,7
b0952280-4a75-485b-a25a-190f6419a09c,Planificada,5,30
f7dd175e-296f-47d8-9a97-e039a10c6a80,Urgente,1,1
fb6a234a-0821-4bb7-a09f-af6091c12f03,Urgente,1,1
3ac76e74-52d6-41df-90dd-626fade3d19c,Planificada,5,30
c2a4b545-f79b-4607-aba6-84bf8bc8e504,Media,3,7
a9990d7c-4aa2-4920-a1f8-7a94f4221cd8,Media,3,7
70235821-4b6e-4022-9b1e-649797f1212f,Urgente,1,1
5c5a17c5-5c35-4435-86ba-b2028da84f4f,Media,3,7
08bd0827-a477-43ff-b61c-06ffa90ac156,Baja,4,15
6b3a19e0-d460-47f4-88b7-12711514d9b9,Alta,2,3
51854876-0c9c-430c-816b-e60a60c65ce9,Baja,4,15
f36deced-47b4-4d78-83b4-7770fbd3c9ed,Urgente,1,1
aae454e3-0f41-48ae-bfa6-e9cd6f0e57db,Media,3,7
25eff92b-986d-4faa-bde1-2c557f53b7e9,Planificada,5,30
da4530ca-bb4e-49a4-9217-1ac378c281da,Alta,2,3
6bfe1c3f-77a3-4fc7-af9e-3096198f9ac1,Planificada,5,30
42de629d-b2d8-4bb3-bc9b-17c036b0e8ae,Urgente,1,1
98c687e6-a425-4481-af99-d45ba602ce25,Media,3,7
8e9892d3-4257-40e8-b0e5-1f4bdf2b5f69,Planificada,5,30
011d281f-eeea-4a39-a83c-34251f456cb3,Planificada,5,30
f15fc71f-4129-47ea-9d04-82ee86eeb25c,Alta,2,3
c670850d-4ba3-41c9-ba85-924613885253,Alta,2,3
82d92900-69d2-42da-814f-bb6f581fb1b3,Media,3,7
08154d46-1ef0-4620-9ca9-0a06f9113b60,Alta,2,3
295c2aea-b39b-4f6c-820b-2b9a1bf266f5,Planificada,5,30
45d350f9-3980-4ef5-b4a7-4eea7aedd88c,Planificada,5,30
2d20613a-c065-4dea-80f8-4f9f6c7aa51a,Urgente,1,1
22198561-561d-48d6-8104-355b299de320,Planificada,5,30
d1a06d38-e867-490d-a3a0-ec6dc6f8c7f2,Media,3,7
4b8714ca-00a5-4cfa-9020-d8bf39661217,Baja,4,15
24d1c625-07ff-4b0b-88dd-563ea51d596b,Urgente,1,1
ccbd23a9-2280-4d22-b763-bd11c36296c3,Urgente,1,1
c5d3dae1-8616-4800-a75d-9b34d58559e7,Media,3,7
12dc5c42-cc38-4094-9178-25880e38d915,Media,3,7
a8379de2-0421-4462-a45e-1bf744bfb40f,Alta,2,3
cca8781e-bd6f-4932-bcf8-25b4a9997e05,Urgente,1,1
9bb9604c-876c-4c45-a9c5-2895c78fc878,Alta,2,3
2c35a218-a352-4181-ae1b-8150039cfd74,Planificada,5,30
7e0f055f-0c1c-441a-888c-95afae747bb1,Urgente,1,1
2c609c62-a582-415b-9bc3-a5018a40c349,Urgente,1,1
e74b9e58-5210-4824-aad1-1ec1ec0e519d,Baja,4,15
24efbed9-67da-4395-8669-a6052fb6fefc,Urgente,1,1
d84d5874-7594-44c8-a58c-9b39ffccf3ae,Planificada,5,30
b7fe2db2-8f95-4946-9b62-795c70bf797d,Alta,2,3
4e61978f-9dc3-4492-af17-5f4823cd59b9,Alta,2,3
b3bd978b-f4c5-42c0-8a16-4acf48ed73a6,Baja,4,15
a59e59c5-99a9-49e1-9070-c76bc88469e7,Planificada,5,30
5ec7aa98-d0da-46db-b814-054ac48d9366,Alta,2,3
0d0b99d7-0daa-4006-ad2b-996f532388af,Media,3,7
d2c62399-e865-423e-a2eb-3d275d34c6e5,Planificada,5,30
8c9da5a9-1092-46dc-8d36-9c629badd103,Planificada,5,30
32bc9ea5-1c1f-4005-84ac-df4c773f852e,Baja,4,15
2bce9188-c095-4589-85f3-9edcee92dfcb,Alta,2,3
55533780-01dc-4a4e-82f8-04cb8594ef81,Planificada,5,30
30af6a6f-fcd4-493c-9032-7274ce71f986,Alta,2,3
969348a7-d5bd-475b-ad6f-91c1e88d0848,Media,3,7
b15d338c-d772-4440-956d-690689f49efb,Baja,4,15
8a19ccbf-b584-4975-aa05-558a49479b06,Media,3,7
1dfaed36-9caa-4393-9f5e-16f0ff44d159,Baja,4,15
31d6a991-93f6-450e-96e6-918507939b3e,Planificada,5,30
68e24d2c-7a5b-4de7-a092-ce12394c6e7c,Baja,4,15
b9c90a39-3708-45f1-8800-4a01a476269b,Urgente,1,1
9b44332a-6983-4b47-9299-8e8d11756f27,Alta,2,3
4ee333a8-8ff5-4d60-9271-488ef28311d9,Alta,2,3
6a6d0f03-f5d9-4bf6-b1c3-7e7eb397a09c,Urgente,1,1
3dc03f54-3a06-43ef-8408-da0e7bd984b0,Media,3,7
b5966b88-ea0d-4e6f-8ca7-5ce9f543455d,Urgente,1,1
aa0b80ba-653a-471d-81cd-6601516cbe48,Planificada,5,30
9c3ba81b-c7d8-4017-8976-7765da73ad81,Planificada,5,30
52face97-fd66-4c9b-adcc-f197d67dba86,Alta,2,3
0a7fd7b1-cf70-4813-9de6-78ce0ad2e2a2,Planificada,5,30
91d8a853-f5a1-4f75-b3df-0ab5881379ee,Alta,2,3
f3819b7a-3272-4eef-94fe-7c7c2460e6f4,Urgente,1,1
